label_w_size	n	region_size_mb
Anus (N=14)	2759	31.291716
Anus (N=14)	6686	31.291716
Anus (N=14)	2365	31.291716
Anus (N=14)	2980	31.291716
Anus (N=14)	2619	31.291716
Anus (N=14)	1673	31.291716
Anus (N=14)	3557	31.291716
Anus (N=14)	2972	31.291716
Anus (N=14)	2453	31.291716
Anus (N=14)	1964	31.291716
Anus (N=14)	1154	31.291716
Anus (N=14)	1931	31.291716
Anus (N=14)	4960	31.291716
Anus (N=14)	1832	31.291716
Bladder and Urothelial Tract (N=43)	6653	31.291716
Bladder and Urothelial Tract (N=43)	2050	31.291716
Bladder and Urothelial Tract (N=43)	4911	31.291716
Bladder and Urothelial Tract (N=43)	2616	31.291716
Bladder and Urothelial Tract (N=43)	2262	31.291716
Bladder and Urothelial Tract (N=43)	3470	31.291716
Bladder and Urothelial Tract (N=43)	6914	31.291716
Bladder and Urothelial Tract (N=43)	2839	31.291716
Bladder and Urothelial Tract (N=43)	1530	31.291716
Bladder and Urothelial Tract (N=43)	1668	31.291716
Bladder and Urothelial Tract (N=43)	1213	31.291716
Bladder and Urothelial Tract (N=43)	3722	31.291716
Bladder and Urothelial Tract (N=43)	1934	31.291716
Bladder and Urothelial Tract (N=43)	3280	31.291716
Bladder and Urothelial Tract (N=43)	1746	31.291716
Bladder and Urothelial Tract (N=43)	1356	31.291716
Bladder and Urothelial Tract (N=43)	2351	31.291716
Bladder and Urothelial Tract (N=43)	1084	31.291716
Bladder and Urothelial Tract (N=43)	1710	31.291716
Bladder and Urothelial Tract (N=43)	1149	31.291716
Bladder and Urothelial Tract (N=43)	2303	31.291716
Bladder and Urothelial Tract (N=43)	2160	31.291716
Bladder and Urothelial Tract (N=43)	4815	31.291716
Bladder and Urothelial Tract (N=43)	616	31.291716
Bladder and Urothelial Tract (N=43)	3062	31.291716
Bladder and Urothelial Tract (N=43)	3509	31.291716
Bladder and Urothelial Tract (N=43)	3280	31.291716
Bladder and Urothelial Tract (N=43)	3745	31.291716
Bladder and Urothelial Tract (N=43)	4171	31.291716
Bladder and Urothelial Tract (N=43)	4842	31.291716
Bladder and Urothelial Tract (N=43)	1525	31.291716
Bladder and Urothelial Tract (N=43)	2559	31.291716
Bladder and Urothelial Tract (N=43)	5021	31.291716
Bladder and Urothelial Tract (N=43)	7087	31.291716
Bladder and Urothelial Tract (N=43)	3096	31.291716
Bladder and Urothelial Tract (N=43)	2634	31.291716
Bladder and Urothelial Tract (N=43)	3583	31.291716
Bladder and Urothelial Tract (N=43)	1239	31.291716
Bladder and Urothelial Tract (N=43)	982	31.291716
Bladder and Urothelial Tract (N=43)	1928	31.291716
Bladder and Urothelial Tract (N=43)	1894	31.291716
Bladder and Urothelial Tract (N=43)	2364	31.291716
Bladder and Urothelial Tract (N=43)	3132	31.291716
Bone and Soft Tissue (N=23)	129	31.291716
Bone and Soft Tissue (N=23)	46	31.291716
Bone and Soft Tissue (N=23)	207	31.291716
Bone and Soft Tissue (N=23)	205	31.291716
Bone and Soft Tissue (N=23)	309	31.291716
Bone and Soft Tissue (N=23)	771	31.291716
Bone and Soft Tissue (N=23)	155	31.291716
Bone and Soft Tissue (N=23)	185	31.291716
Bone and Soft Tissue (N=23)	157	31.291716
Bone and Soft Tissue (N=23)	448	31.291716
Bone and Soft Tissue (N=23)	129	31.291716
Bone and Soft Tissue (N=23)	211	31.291716
Bone and Soft Tissue (N=23)	1299	31.291716
Bone and Soft Tissue (N=23)	181	31.291716
Bone and Soft Tissue (N=23)	1803	31.291716
Bone and Soft Tissue (N=23)	337	31.291716
Bone and Soft Tissue (N=23)	442	31.291716
Bone and Soft Tissue (N=23)	552	31.291716
Bone and Soft Tissue (N=23)	346	31.291716
Bone and Soft Tissue (N=23)	764	31.291716
Bone and Soft Tissue (N=23)	288	31.291716
Bone and Soft Tissue (N=23)	291	31.291716
Bone and Soft Tissue (N=23)	301	31.291716
Breast (N=131)	6203	31.291716
Breast (N=131)	2575	31.291716
Breast (N=131)	3040	31.291716
Breast (N=131)	5853	31.291716
Breast (N=131)	1445	31.291716
Breast (N=131)	992	31.291716
Breast (N=131)	1107	31.291716
Breast (N=131)	5439	31.291716
Breast (N=131)	1362	31.291716
Breast (N=131)	3297	31.291716
Breast (N=131)	3406	31.291716
Breast (N=131)	2682	31.291716
Breast (N=131)	881	31.291716
Breast (N=131)	1405	31.291716
Breast (N=131)	1206	31.291716
Breast (N=131)	5935	31.291716
Breast (N=131)	3055	31.291716
Breast (N=131)	1384	31.291716
Breast (N=131)	7202	31.291716
Breast (N=131)	7896	31.291716
Breast (N=131)	799	31.291716
Breast (N=131)	2089	31.291716
Breast (N=131)	728	31.291716
Breast (N=131)	1370	31.291716
Breast (N=131)	1770	31.291716
Breast (N=131)	1275	31.291716
Breast (N=131)	3674	31.291716
Breast (N=131)	4196	31.291716
Breast (N=131)	2438	31.291716
Breast (N=131)	2172	31.291716
Breast (N=131)	1814	31.291716
Breast (N=131)	9916	31.291716
Breast (N=131)	2623	31.291716
Breast (N=131)	1920	31.291716
Breast (N=131)	3568	31.291716
Breast (N=131)	3689	31.291716
Breast (N=131)	1539	31.291716
Breast (N=131)	4588	31.291716
Breast (N=131)	1997	31.291716
Breast (N=131)	1349	31.291716
Breast (N=131)	1800	31.291716
Breast (N=131)	5061	31.291716
Breast (N=131)	3111	31.291716
Breast (N=131)	4210	31.291716
Breast (N=131)	2962	31.291716
Breast (N=131)	6125	31.291716
Breast (N=131)	14927	31.291716
Breast (N=131)	2566	31.291716
Breast (N=131)	1394	31.291716
Breast (N=131)	4130	31.291716
Breast (N=131)	13852	31.291716
Breast (N=131)	1419	31.291716
Breast (N=131)	5653	31.291716
Breast (N=131)	4931	31.291716
Breast (N=131)	669	31.291716
Breast (N=131)	770	31.291716
Breast (N=131)	1293	31.291716
Breast (N=131)	3632	31.291716
Breast (N=131)	3226	31.291716
Breast (N=131)	4721	31.291716
Breast (N=131)	4581	31.291716
Breast (N=131)	2740	31.291716
Breast (N=131)	3688	31.291716
Breast (N=131)	3926	31.291716
Breast (N=131)	1182	31.291716
Breast (N=131)	2176	31.291716
Breast (N=131)	1833	31.291716
Breast (N=131)	451	31.291716
Breast (N=131)	5638	31.291716
Breast (N=131)	6611	31.291716
Breast (N=131)	2851	31.291716
Breast (N=131)	2699	31.291716
Breast (N=131)	1362	31.291716
Breast (N=131)	1184	31.291716
Breast (N=131)	3615	31.291716
Breast (N=131)	8865	31.291716
Breast (N=131)	1475	31.291716
Breast (N=131)	926	31.291716
Breast (N=131)	1948	31.291716
Breast (N=131)	2436	31.291716
Breast (N=131)	1208	31.291716
Breast (N=131)	1346	31.291716
Breast (N=131)	1293	31.291716
Breast (N=131)	1986	31.291716
Breast (N=131)	667	31.291716
Breast (N=131)	5125	31.291716
Breast (N=131)	1680	31.291716
Breast (N=131)	2479	31.291716
Breast (N=131)	4729	31.291716
Breast (N=131)	1858	31.291716
Breast (N=131)	6010	31.291716
Breast (N=131)	1079	31.291716
Breast (N=131)	1491	31.291716
Breast (N=131)	9480	31.291716
Breast (N=131)	2069	31.291716
Breast (N=131)	2263	31.291716
Breast (N=131)	746	31.291716
Breast (N=131)	1291	31.291716
Breast (N=131)	1955	31.291716
Breast (N=131)	3212	31.291716
Breast (N=131)	3137	31.291716
Breast (N=131)	8209	31.291716
Breast (N=131)	1616	31.291716
Breast (N=131)	3107	31.291716
Breast (N=131)	1546	31.291716
Breast (N=131)	1716	31.291716
Breast (N=131)	1398	31.291716
Breast (N=131)	952	31.291716
Breast (N=131)	2914	31.291716
Breast (N=131)	2393	31.291716
Breast (N=131)	2567	31.291716
Breast (N=131)	1985	31.291716
Breast (N=131)	2093	31.291716
Breast (N=131)	454	31.291716
Breast (N=131)	1678	31.291716
Breast (N=131)	1331	31.291716
Breast (N=131)	1530	31.291716
Breast (N=131)	2593	31.291716
Breast (N=131)	1777	31.291716
Breast (N=131)	3115	31.291716
Breast (N=131)	3459	31.291716
Breast (N=131)	2854	31.291716
Breast (N=131)	2584	31.291716
Breast (N=131)	2949	31.291716
Breast (N=131)	1828	31.291716
Breast (N=131)	15832	31.291716
Breast (N=131)	3143	31.291716
Breast (N=131)	4463	31.291716
Breast (N=131)	2290	31.291716
Breast (N=131)	854	31.291716
Breast (N=131)	2634	31.291716
Cervix (N=33)	2982	31.291716
Cervix (N=33)	1424	31.291716
Cervix (N=33)	1193	31.291716
Cervix (N=33)	968	31.291716
Cervix (N=33)	2060	31.291716
Cervix (N=33)	4365	31.291716
Cervix (N=33)	1796	31.291716
Cervix (N=33)	1211	31.291716
Cervix (N=33)	2937	31.291716
Cervix (N=33)	4602	31.291716
Cervix (N=33)	1704	31.291716
Cervix (N=33)	2486	31.291716
Cervix (N=33)	214	31.291716
Cervix (N=33)	1579	31.291716
Cervix (N=33)	1469	31.291716
Cervix (N=33)	5928	31.291716
Cervix (N=33)	1983	31.291716
Cervix (N=33)	794	31.291716
Cervix (N=33)	2070	31.291716
Cervix (N=33)	419	31.291716
Cervix (N=33)	1876	31.291716
Cervix (N=33)	381	31.291716
Cervix (N=33)	785	31.291716
Cervix (N=33)	1326	31.291716
Cervix (N=33)	908	31.291716
Cervix (N=33)	1107	31.291716
Cervix (N=33)	833	31.291716
Cervix (N=33)	734	31.291716
Cervix (N=33)	2005	31.291716
Cervix (N=33)	1791	31.291716
Cervix (N=33)	1490	31.291716
Cervix (N=33)	1729	31.291716
Cervix (N=33)	324	31.291716
Colon and Rectum (N=84)	1350	31.291716
Colon and Rectum (N=84)	5433	31.291716
Colon and Rectum (N=84)	5759	31.291716
Colon and Rectum (N=84)	6010	31.291716
Colon and Rectum (N=84)	4596	31.291716
Colon and Rectum (N=84)	3274	31.291716
Colon and Rectum (N=84)	4852	31.291716
Colon and Rectum (N=84)	2391	31.291716
Colon and Rectum (N=84)	1562	31.291716
Colon and Rectum (N=84)	2527	31.291716
Colon and Rectum (N=84)	4559	31.291716
Colon and Rectum (N=84)	4075	31.291716
Colon and Rectum (N=84)	2210	31.291716
Colon and Rectum (N=84)	3671	31.291716
Colon and Rectum (N=84)	4655	31.291716
Colon and Rectum (N=84)	2362	31.291716
Colon and Rectum (N=84)	4933	31.291716
Colon and Rectum (N=84)	1797	31.291716
Colon and Rectum (N=84)	7228	31.291716
Colon and Rectum (N=84)	1857	31.291716
Colon and Rectum (N=84)	16909	31.291716
Colon and Rectum (N=84)	9442	31.291716
Colon and Rectum (N=84)	4707	31.291716
Colon and Rectum (N=84)	2444	31.291716
Colon and Rectum (N=84)	2272	31.291716
Colon and Rectum (N=84)	3462	31.291716
Colon and Rectum (N=84)	23866	31.291716
Colon and Rectum (N=84)	4128	31.291716
Colon and Rectum (N=84)	2514	31.291716
Colon and Rectum (N=84)	11117	31.291716
Colon and Rectum (N=84)	1756	31.291716
Colon and Rectum (N=84)	6769	31.291716
Colon and Rectum (N=84)	2894	31.291716
Colon and Rectum (N=84)	3117	31.291716
Colon and Rectum (N=84)	24945	31.291716
Colon and Rectum (N=84)	2047	31.291716
Colon and Rectum (N=84)	8506	31.291716
Colon and Rectum (N=84)	6591	31.291716
Colon and Rectum (N=84)	3249	31.291716
Colon and Rectum (N=84)	3991	31.291716
Colon and Rectum (N=84)	3853	31.291716
Colon and Rectum (N=84)	3548	31.291716
Colon and Rectum (N=84)	3129	31.291716
Colon and Rectum (N=84)	4029	31.291716
Colon and Rectum (N=84)	21386	31.291716
Colon and Rectum (N=84)	2729	31.291716
Colon and Rectum (N=84)	2625	31.291716
Colon and Rectum (N=84)	1589	31.291716
Colon and Rectum (N=84)	2695	31.291716
Colon and Rectum (N=84)	3352	31.291716
Colon and Rectum (N=84)	5664	31.291716
Colon and Rectum (N=84)	1039	31.291716
Colon and Rectum (N=84)	1556	31.291716
Colon and Rectum (N=84)	1297	31.291716
Colon and Rectum (N=84)	1198	31.291716
Colon and Rectum (N=84)	1108	31.291716
Colon and Rectum (N=84)	18402	31.291716
Colon and Rectum (N=84)	7370	31.291716
Colon and Rectum (N=84)	3543	31.291716
Colon and Rectum (N=84)	1991	31.291716
Colon and Rectum (N=84)	3593	31.291716
Colon and Rectum (N=84)	23440	31.291716
Colon and Rectum (N=84)	32799	31.291716
Colon and Rectum (N=84)	9249	31.291716
Colon and Rectum (N=84)	3607	31.291716
Colon and Rectum (N=84)	3539	31.291716
Colon and Rectum (N=84)	28635	31.291716
Colon and Rectum (N=84)	6251	31.291716
Colon and Rectum (N=84)	5641	31.291716
Colon and Rectum (N=84)	3214	31.291716
Colon and Rectum (N=84)	8931	31.291716
Colon and Rectum (N=84)	2967	31.291716
Colon and Rectum (N=84)	4063	31.291716
Colon and Rectum (N=84)	5381	31.291716
Colon and Rectum (N=84)	5685	31.291716
Colon and Rectum (N=84)	5072	31.291716
Colon and Rectum (N=84)	12547	31.291716
Colon and Rectum (N=84)	8718	31.291716
Colon and Rectum (N=84)	14784	31.291716
Colon and Rectum (N=84)	22351	31.291716
Colon and Rectum (N=84)	7647	31.291716
Colon and Rectum (N=84)	12644	31.291716
Colon and Rectum (N=84)	9202	31.291716
Colon and Rectum (N=84)	27347	31.291716
Head and Neck (N=65)	2815	31.291716
Head and Neck (N=65)	2463	31.291716
Head and Neck (N=65)	2056	31.291716
Head and Neck (N=65)	4953	31.291716
Head and Neck (N=65)	3777	31.291716
Head and Neck (N=65)	1208	31.291716
Head and Neck (N=65)	2503	31.291716
Head and Neck (N=65)	2254	31.291716
Head and Neck (N=65)	1258	31.291716
Head and Neck (N=65)	4610	31.291716
Head and Neck (N=65)	2968	31.291716
Head and Neck (N=65)	2738	31.291716
Head and Neck (N=65)	1612	31.291716
Head and Neck (N=65)	1911	31.291716
Head and Neck (N=65)	1808	31.291716
Head and Neck (N=65)	1859	31.291716
Head and Neck (N=65)	3770	31.291716
Head and Neck (N=65)	2922	31.291716
Head and Neck (N=65)	7847	31.291716
Head and Neck (N=65)	1518	31.291716
Head and Neck (N=65)	3096	31.291716
Head and Neck (N=65)	2322	31.291716
Head and Neck (N=65)	7089	31.291716
Head and Neck (N=65)	1214	31.291716
Head and Neck (N=65)	1378	31.291716
Head and Neck (N=65)	588	31.291716
Head and Neck (N=65)	2194	31.291716
Head and Neck (N=65)	3282	31.291716
Head and Neck (N=65)	4785	31.291716
Head and Neck (N=65)	2506	31.291716
Head and Neck (N=65)	1732	31.291716
Head and Neck (N=65)	2473	31.291716
Head and Neck (N=65)	9153	31.291716
Head and Neck (N=65)	1840	31.291716
Head and Neck (N=65)	3090	31.291716
Head and Neck (N=65)	377	31.291716
Head and Neck (N=65)	5621	31.291716
Head and Neck (N=65)	881	31.291716
Head and Neck (N=65)	1979	31.291716
Head and Neck (N=65)	3333	31.291716
Head and Neck (N=65)	2534	31.291716
Head and Neck (N=65)	862	31.291716
Head and Neck (N=65)	2094	31.291716
Head and Neck (N=65)	1197	31.291716
Head and Neck (N=65)	3580	31.291716
Head and Neck (N=65)	2545	31.291716
Head and Neck (N=65)	2278	31.291716
Head and Neck (N=65)	601	31.291716
Head and Neck (N=65)	3842	31.291716
Head and Neck (N=65)	2120	31.291716
Head and Neck (N=65)	2268	31.291716
Head and Neck (N=65)	695	31.291716
Head and Neck (N=65)	3131	31.291716
Head and Neck (N=65)	1514	31.291716
Head and Neck (N=65)	1456	31.291716
Head and Neck (N=65)	1484	31.291716
Head and Neck (N=65)	1345	31.291716
Head and Neck (N=65)	767	31.291716
Head and Neck (N=65)	5851	31.291716
Head and Neck (N=65)	2842	31.291716
Head and Neck (N=65)	3399	31.291716
Head and Neck (N=65)	3585	31.291716
Head and Neck (N=65)	2980	31.291716
Head and Neck (N=65)	1218	31.291716
Head and Neck (N=65)	518	31.291716
Kidney (N=70)	1360	31.291716
Kidney (N=70)	766	31.291716
Kidney (N=70)	3017	31.291716
Kidney (N=70)	392	31.291716
Kidney (N=70)	422	31.291716
Kidney (N=70)	2407	31.291716
Kidney (N=70)	724	31.291716
Kidney (N=70)	287	31.291716
Kidney (N=70)	728	31.291716
Kidney (N=70)	196	31.291716
Kidney (N=70)	192	31.291716
Kidney (N=70)	971	31.291716
Kidney (N=70)	1636	31.291716
Kidney (N=70)	96	31.291716
Kidney (N=70)	825	31.291716
Kidney (N=70)	874	31.291716
Kidney (N=70)	512	31.291716
Kidney (N=70)	544	31.291716
Kidney (N=70)	371	31.291716
Kidney (N=70)	1345	31.291716
Kidney (N=70)	645	31.291716
Kidney (N=70)	520	31.291716
Kidney (N=70)	1035	31.291716
Kidney (N=70)	470	31.291716
Kidney (N=70)	786	31.291716
Kidney (N=70)	535	31.291716
Kidney (N=70)	641	31.291716
Kidney (N=70)	455	31.291716
Kidney (N=70)	360	31.291716
Kidney (N=70)	419	31.291716
Kidney (N=70)	836	31.291716
Kidney (N=70)	1041	31.291716
Kidney (N=70)	839	31.291716
Kidney (N=70)	551	31.291716
Kidney (N=70)	985	31.291716
Kidney (N=70)	617	31.291716
Kidney (N=70)	1004	31.291716
Kidney (N=70)	577	31.291716
Kidney (N=70)	971	31.291716
Kidney (N=70)	1122	31.291716
Kidney (N=70)	432	31.291716
Kidney (N=70)	583	31.291716
Kidney (N=70)	298	31.291716
Kidney (N=70)	523	31.291716
Kidney (N=70)	379	31.291716
Kidney (N=70)	703	31.291716
Kidney (N=70)	233	31.291716
Kidney (N=70)	469	31.291716
Kidney (N=70)	591	31.291716
Kidney (N=70)	709	31.291716
Kidney (N=70)	427	31.291716
Kidney (N=70)	580	31.291716
Kidney (N=70)	521	31.291716
Kidney (N=70)	556	31.291716
Kidney (N=70)	550	31.291716
Kidney (N=70)	887	31.291716
Kidney (N=70)	499	31.291716
Kidney (N=70)	1197	31.291716
Kidney (N=70)	1318	31.291716
Kidney (N=70)	519	31.291716
Kidney (N=70)	690	31.291716
Kidney (N=70)	560	31.291716
Kidney (N=70)	1428	31.291716
Kidney (N=70)	1816	31.291716
Kidney (N=70)	1345	31.291716
Kidney (N=70)	1022	31.291716
Kidney (N=70)	789	31.291716
Kidney (N=70)	560	31.291716
Kidney (N=70)	962	31.291716
Kidney (N=70)	2033	31.291716
Liver and Bile Duct (N=27)	372	31.291716
Liver and Bile Duct (N=27)	2486	31.291716
Liver and Bile Duct (N=27)	1862	31.291716
Liver and Bile Duct (N=27)	938	31.291716
Liver and Bile Duct (N=27)	946	31.291716
Liver and Bile Duct (N=27)	1834	31.291716
Liver and Bile Duct (N=27)	53	31.291716
Liver and Bile Duct (N=27)	1452	31.291716
Liver and Bile Duct (N=27)	1287	31.291716
Liver and Bile Duct (N=27)	1933	31.291716
Liver and Bile Duct (N=27)	867	31.291716
Liver and Bile Duct (N=27)	202	31.291716
Liver and Bile Duct (N=27)	853	31.291716
Liver and Bile Duct (N=27)	440	31.291716
Liver and Bile Duct (N=27)	57	31.291716
Liver and Bile Duct (N=27)	880	31.291716
Liver and Bile Duct (N=27)	2302	31.291716
Liver and Bile Duct (N=27)	1336	31.291716
Liver and Bile Duct (N=27)	981	31.291716
Liver and Bile Duct (N=27)	537	31.291716
Liver and Bile Duct (N=27)	450	31.291716
Liver and Bile Duct (N=27)	624	31.291716
Liver and Bile Duct (N=27)	458	31.291716
Liver and Bile Duct (N=27)	630	31.291716
Liver and Bile Duct (N=27)	742	31.291716
Liver and Bile Duct (N=27)	2413	31.291716
Liver and Bile Duct (N=27)	1037	31.291716
Lung (N=99)	1584	31.291716
Lung (N=99)	2339	31.291716
Lung (N=99)	2616	31.291716
Lung (N=99)	3507	31.291716
Lung (N=99)	2478	31.291716
Lung (N=99)	12687	31.291716
Lung (N=99)	1562	31.291716
Lung (N=99)	1044	31.291716
Lung (N=99)	3107	31.291716
Lung (N=99)	1806	31.291716
Lung (N=99)	435	31.291716
Lung (N=99)	580	31.291716
Lung (N=99)	4331	31.291716
Lung (N=99)	2418	31.291716
Lung (N=99)	1570	31.291716
Lung (N=99)	935	31.291716
Lung (N=99)	710	31.291716
Lung (N=99)	535	31.291716
Lung (N=99)	1866	31.291716
Lung (N=99)	676	31.291716
Lung (N=99)	1763	31.291716
Lung (N=99)	210	31.291716
Lung (N=99)	918	31.291716
Lung (N=99)	1751	31.291716
Lung (N=99)	2516	31.291716
Lung (N=99)	1331	31.291716
Lung (N=99)	1191	31.291716
Lung (N=99)	2702	31.291716
Lung (N=99)	2600	31.291716
Lung (N=99)	5290	31.291716
Lung (N=99)	856	31.291716
Lung (N=99)	553	31.291716
Lung (N=99)	1967	31.291716
Lung (N=99)	3037	31.291716
Lung (N=99)	1786	31.291716
Lung (N=99)	1070	31.291716
Lung (N=99)	3210	31.291716
Lung (N=99)	989	31.291716
Lung (N=99)	1509	31.291716
Lung (N=99)	7027	31.291716
Lung (N=99)	907	31.291716
Lung (N=99)	1552	31.291716
Lung (N=99)	688	31.291716
Lung (N=99)	1071	31.291716
Lung (N=99)	3207	31.291716
Lung (N=99)	650	31.291716
Lung (N=99)	550	31.291716
Lung (N=99)	1094	31.291716
Lung (N=99)	2282	31.291716
Lung (N=99)	1290	31.291716
Lung (N=99)	301	31.291716
Lung (N=99)	2331	31.291716
Lung (N=99)	1002	31.291716
Lung (N=99)	3012	31.291716
Lung (N=99)	2657	31.291716
Lung (N=99)	1993	31.291716
Lung (N=99)	250	31.291716
Lung (N=99)	1547	31.291716
Lung (N=99)	1951	31.291716
Lung (N=99)	3246	31.291716
Lung (N=99)	1267	31.291716
Lung (N=99)	2069	31.291716
Lung (N=99)	1173	31.291716
Lung (N=99)	1732	31.291716
Lung (N=99)	929	31.291716
Lung (N=99)	1442	31.291716
Lung (N=99)	840	31.291716
Lung (N=99)	2745	31.291716
Lung (N=99)	3053	31.291716
Lung (N=99)	580	31.291716
Lung (N=99)	1558	31.291716
Lung (N=99)	771	31.291716
Lung (N=99)	1923	31.291716
Lung (N=99)	1861	31.291716
Lung (N=99)	447	31.291716
Lung (N=99)	3379	31.291716
Lung (N=99)	1104	31.291716
Lung (N=99)	1075	31.291716
Lung (N=99)	3033	31.291716
Lung (N=99)	1485	31.291716
Lung (N=99)	454	31.291716
Lung (N=99)	989	31.291716
Lung (N=99)	2490	31.291716
Lung (N=99)	1264	31.291716
Lung (N=99)	2345	31.291716
Lung (N=99)	1479	31.291716
Lung (N=99)	3158	31.291716
Lung (N=99)	821	31.291716
Lung (N=99)	960	31.291716
Lung (N=99)	1514	31.291716
Lung (N=99)	795	31.291716
Lung (N=99)	2981	31.291716
Lung (N=99)	6394	31.291716
Lung (N=99)	6424	31.291716
Lung (N=99)	4558	31.291716
Lung (N=99)	3960	31.291716
Lung (N=99)	3636	31.291716
Lung (N=99)	3965	31.291716
Lung (N=99)	8778	31.291716
Lymphoid Lineage (N=95)	17247	31.291716
Lymphoid Lineage (N=95)	20930	31.291716
Lymphoid Lineage (N=95)	224	31.291716
Lymphoid Lineage (N=95)	13451	31.291716
Lymphoid Lineage (N=95)	18795	31.291716
Lymphoid Lineage (N=95)	4441	31.291716
Lymphoid Lineage (N=95)	1380	31.291716
Lymphoid Lineage (N=95)	10098	31.291716
Lymphoid Lineage (N=95)	18229	31.291716
Lymphoid Lineage (N=95)	17052	31.291716
Lymphoid Lineage (N=95)	31341	31.291716
Lymphoid Lineage (N=95)	8359	31.291716
Lymphoid Lineage (N=95)	15609	31.291716
Lymphoid Lineage (N=95)	1479	31.291716
Lymphoid Lineage (N=95)	99	31.291716
Lymphoid Lineage (N=95)	9407	31.291716
Lymphoid Lineage (N=95)	14886	31.291716
Lymphoid Lineage (N=95)	22664	31.291716
Lymphoid Lineage (N=95)	131	31.291716
Lymphoid Lineage (N=95)	10100	31.291716
Lymphoid Lineage (N=95)	2087	31.291716
Lymphoid Lineage (N=95)	4667	31.291716
Lymphoid Lineage (N=95)	2296	31.291716
Lymphoid Lineage (N=95)	482	31.291716
Lymphoid Lineage (N=95)	12391	31.291716
Lymphoid Lineage (N=95)	4775	31.291716
Lymphoid Lineage (N=95)	826	31.291716
Lymphoid Lineage (N=95)	473	31.291716
Lymphoid Lineage (N=95)	2788	31.291716
Lymphoid Lineage (N=95)	1569	31.291716
Lymphoid Lineage (N=95)	50556	31.291716
Lymphoid Lineage (N=95)	7118	31.291716
Lymphoid Lineage (N=95)	1217	31.291716
Lymphoid Lineage (N=95)	4689	31.291716
Lymphoid Lineage (N=95)	4770	31.291716
Lymphoid Lineage (N=95)	9158	31.291716
Lymphoid Lineage (N=95)	1156	31.291716
Lymphoid Lineage (N=95)	604	31.291716
Lymphoid Lineage (N=95)	9096	31.291716
Lymphoid Lineage (N=95)	13540	31.291716
Lymphoid Lineage (N=95)	5956	31.291716
Lymphoid Lineage (N=95)	2610	31.291716
Lymphoid Lineage (N=95)	35294	31.291716
Lymphoid Lineage (N=95)	4904	31.291716
Lymphoid Lineage (N=95)	18477	31.291716
Lymphoid Lineage (N=95)	45672	31.291716
Lymphoid Lineage (N=95)	4193	31.291716
Lymphoid Lineage (N=95)	3509	31.291716
Lymphoid Lineage (N=95)	24977	31.291716
Lymphoid Lineage (N=95)	16773	31.291716
Lymphoid Lineage (N=95)	7973	31.291716
Lymphoid Lineage (N=95)	4922	31.291716
Lymphoid Lineage (N=95)	19910	31.291716
Lymphoid Lineage (N=95)	25119	31.291716
Lymphoid Lineage (N=95)	8259	31.291716
Lymphoid Lineage (N=95)	11216	31.291716
Lymphoid Lineage (N=95)	9249	31.291716
Lymphoid Lineage (N=95)	24732	31.291716
Lymphoid Lineage (N=95)	15419	31.291716
Lymphoid Lineage (N=95)	3098	31.291716
Lymphoid Lineage (N=95)	4202	31.291716
Lymphoid Lineage (N=95)	48281	31.291716
Lymphoid Lineage (N=95)	40575	31.291716
Lymphoid Lineage (N=95)	7705	31.291716
Lymphoid Lineage (N=95)	39080	31.291716
Lymphoid Lineage (N=95)	23811	31.291716
Lymphoid Lineage (N=95)	26719	31.291716
Lymphoid Lineage (N=95)	2468	31.291716
Lymphoid Lineage (N=95)	10224	31.291716
Lymphoid Lineage (N=95)	9727	31.291716
Lymphoid Lineage (N=95)	17480	31.291716
Lymphoid Lineage (N=95)	24435	31.291716
Lymphoid Lineage (N=95)	410	31.291716
Lymphoid Lineage (N=95)	13833	31.291716
Lymphoid Lineage (N=95)	7010	31.291716
Lymphoid Lineage (N=95)	19408	31.291716
Lymphoid Lineage (N=95)	2389	31.291716
Lymphoid Lineage (N=95)	9711	31.291716
Lymphoid Lineage (N=95)	28651	31.291716
Lymphoid Lineage (N=95)	10762	31.291716
Lymphoid Lineage (N=95)	1677	31.291716
Lymphoid Lineage (N=95)	654	31.291716
Lymphoid Lineage (N=95)	737	31.291716
Lymphoid Lineage (N=95)	1022	31.291716
Lymphoid Lineage (N=95)	1264	31.291716
Lymphoid Lineage (N=95)	763	31.291716
Lymphoid Lineage (N=95)	639	31.291716
Lymphoid Lineage (N=95)	1390	31.291716
Lymphoid Lineage (N=95)	1466	31.291716
Lymphoid Lineage (N=95)	689	31.291716
Lymphoid Lineage (N=95)	5951	31.291716
Lymphoid Lineage (N=95)	1516	31.291716
Lymphoid Lineage (N=95)	1103	31.291716
Lymphoid Lineage (N=95)	6166	31.291716
Lymphoid Lineage (N=95)	1566	31.291716
Melanocytic Lineage (N=16)	314	31.291716
Melanocytic Lineage (N=16)	1772	31.291716
Melanocytic Lineage (N=16)	846	31.291716
Melanocytic Lineage (N=16)	1105	31.291716
Melanocytic Lineage (N=16)	2517	31.291716
Melanocytic Lineage (N=16)	2441	31.291716
Melanocytic Lineage (N=16)	144	31.291716
Melanocytic Lineage (N=16)	899	31.291716
Melanocytic Lineage (N=16)	2362	31.291716
Melanocytic Lineage (N=16)	685	31.291716
Melanocytic Lineage (N=16)	546	31.291716
Melanocytic Lineage (N=16)	831	31.291716
Melanocytic Lineage (N=16)	1015	31.291716
Melanocytic Lineage (N=16)	557	31.291716
Melanocytic Lineage (N=16)	476	31.291716
Melanocytic Lineage (N=16)	686	31.291716
Myeloid Lineage (N=22)	4	31.291716
Myeloid Lineage (N=22)	420	31.291716
Myeloid Lineage (N=22)	165	31.291716
Myeloid Lineage (N=22)	40	31.291716
Myeloid Lineage (N=22)	23	31.291716
Myeloid Lineage (N=22)	1282	31.291716
Myeloid Lineage (N=22)	699	31.291716
Myeloid Lineage (N=22)	814	31.291716
Myeloid Lineage (N=22)	398	31.291716
Myeloid Lineage (N=22)	762	31.291716
Myeloid Lineage (N=22)	257	31.291716
Myeloid Lineage (N=22)	343	31.291716
Myeloid Lineage (N=22)	90	31.291716
Myeloid Lineage (N=22)	579	31.291716
Myeloid Lineage (N=22)	217	31.291716
Myeloid Lineage (N=22)	472	31.291716
Myeloid Lineage (N=22)	1712	31.291716
Myeloid Lineage (N=22)	177	31.291716
Myeloid Lineage (N=22)	773	31.291716
Myeloid Lineage (N=22)	202	31.291716
Myeloid Lineage (N=22)	603	31.291716
Myeloid Lineage (N=22)	265	31.291716
NEC of Lung or Other Organs (N=49)	777	31.291716
NEC of Lung or Other Organs (N=49)	817	31.291716
NEC of Lung or Other Organs (N=49)	2359	31.291716
NEC of Lung or Other Organs (N=49)	2452	31.291716
NEC of Lung or Other Organs (N=49)	1766	31.291716
NEC of Lung or Other Organs (N=49)	685	31.291716
NEC of Lung or Other Organs (N=49)	346	31.291716
NEC of Lung or Other Organs (N=49)	1772	31.291716
NEC of Lung or Other Organs (N=49)	3298	31.291716
NEC of Lung or Other Organs (N=49)	3216	31.291716
NEC of Lung or Other Organs (N=49)	3157	31.291716
NEC of Lung or Other Organs (N=49)	1481	31.291716
NEC of Lung or Other Organs (N=49)	348	31.291716
NEC of Lung or Other Organs (N=49)	1311	31.291716
NEC of Lung or Other Organs (N=49)	477	31.291716
NEC of Lung or Other Organs (N=49)	1894	31.291716
NEC of Lung or Other Organs (N=49)	1638	31.291716
NEC of Lung or Other Organs (N=49)	798	31.291716
NEC of Lung or Other Organs (N=49)	3515	31.291716
NEC of Lung or Other Organs (N=49)	1839	31.291716
NEC of Lung or Other Organs (N=49)	2508	31.291716
NEC of Lung or Other Organs (N=49)	819	31.291716
NEC of Lung or Other Organs (N=49)	1172	31.291716
NEC of Lung or Other Organs (N=49)	2314	31.291716
NEC of Lung or Other Organs (N=49)	369	31.291716
NEC of Lung or Other Organs (N=49)	1011	31.291716
NEC of Lung or Other Organs (N=49)	2214	31.291716
NEC of Lung or Other Organs (N=49)	1542	31.291716
NEC of Lung or Other Organs (N=49)	2078	31.291716
NEC of Lung or Other Organs (N=49)	1344	31.291716
NEC of Lung or Other Organs (N=49)	2541	31.291716
NEC of Lung or Other Organs (N=49)	2100	31.291716
NEC of Lung or Other Organs (N=49)	2413	31.291716
NEC of Lung or Other Organs (N=49)	1236	31.291716
NEC of Lung or Other Organs (N=49)	1824	31.291716
NEC of Lung or Other Organs (N=49)	1965	31.291716
NEC of Lung or Other Organs (N=49)	2018	31.291716
NEC of Lung or Other Organs (N=49)	1062	31.291716
NEC of Lung or Other Organs (N=49)	1925	31.291716
NEC of Lung or Other Organs (N=49)	732	31.291716
NEC of Lung or Other Organs (N=49)	2274	31.291716
NEC of Lung or Other Organs (N=49)	3070	31.291716
NEC of Lung or Other Organs (N=49)	3503	31.291716
NEC of Lung or Other Organs (N=49)	1846	31.291716
NEC of Lung or Other Organs (N=49)	2138	31.291716
NEC of Lung or Other Organs (N=49)	3396	31.291716
NEC of Lung or Other Organs (N=49)	2895	31.291716
NEC of Lung or Other Organs (N=49)	2166	31.291716
NEC of Lung or Other Organs (N=49)	464	31.291716
Ovary (N=65)	813	31.291716
Ovary (N=65)	2146	31.291716
Ovary (N=65)	1314	31.291716
Ovary (N=65)	1544	31.291716
Ovary (N=65)	1244	31.291716
Ovary (N=65)	2188	31.291716
Ovary (N=65)	693	31.291716
Ovary (N=65)	756	31.291716
Ovary (N=65)	1424	31.291716
Ovary (N=65)	3503	31.291716
Ovary (N=65)	1844	31.291716
Ovary (N=65)	3701	31.291716
Ovary (N=65)	1100	31.291716
Ovary (N=65)	897	31.291716
Ovary (N=65)	1685	31.291716
Ovary (N=65)	1175	31.291716
Ovary (N=65)	1419	31.291716
Ovary (N=65)	2504	31.291716
Ovary (N=65)	1776	31.291716
Ovary (N=65)	2467	31.291716
Ovary (N=65)	1309	31.291716
Ovary (N=65)	1768	31.291716
Ovary (N=65)	2584	31.291716
Ovary (N=65)	833	31.291716
Ovary (N=65)	2505	31.291716
Ovary (N=65)	1117	31.291716
Ovary (N=65)	1330	31.291716
Ovary (N=65)	1426	31.291716
Ovary (N=65)	2160	31.291716
Ovary (N=65)	445	31.291716
Ovary (N=65)	1269	31.291716
Ovary (N=65)	528	31.291716
Ovary (N=65)	953	31.291716
Ovary (N=65)	1634	31.291716
Ovary (N=65)	1015	31.291716
Ovary (N=65)	703	31.291716
Ovary (N=65)	909	31.291716
Ovary (N=65)	1189	31.291716
Ovary (N=65)	2372	31.291716
Ovary (N=65)	1755	31.291716
Ovary (N=65)	1626	31.291716
Ovary (N=65)	1225	31.291716
Ovary (N=65)	1717	31.291716
Ovary (N=65)	2507	31.291716
Ovary (N=65)	2422	31.291716
Ovary (N=65)	449	31.291716
Ovary (N=65)	4332	31.291716
Ovary (N=65)	3845	31.291716
Ovary (N=65)	1047	31.291716
Ovary (N=65)	1299	31.291716
Ovary (N=65)	1532	31.291716
Ovary (N=65)	1440	31.291716
Ovary (N=65)	2820	31.291716
Ovary (N=65)	1095	31.291716
Ovary (N=65)	1953	31.291716
Ovary (N=65)	779	31.291716
Ovary (N=65)	2051	31.291716
Ovary (N=65)	850	31.291716
Ovary (N=65)	3014	31.291716
Ovary (N=65)	997	31.291716
Ovary (N=65)	1057	31.291716
Ovary (N=65)	3295	31.291716
Ovary (N=65)	1230	31.291716
Ovary (N=65)	2578	31.291716
Ovary (N=65)	3755	31.291716
Pancreas and Gallbladder (N=42)	1296	31.291716
Pancreas and Gallbladder (N=42)	5306	31.291716
Pancreas and Gallbladder (N=42)	1757	31.291716
Pancreas and Gallbladder (N=42)	627	31.291716
Pancreas and Gallbladder (N=42)	1911	31.291716
Pancreas and Gallbladder (N=42)	324	31.291716
Pancreas and Gallbladder (N=42)	1530	31.291716
Pancreas and Gallbladder (N=42)	1433	31.291716
Pancreas and Gallbladder (N=42)	170	31.291716
Pancreas and Gallbladder (N=42)	3529	31.291716
Pancreas and Gallbladder (N=42)	110	31.291716
Pancreas and Gallbladder (N=42)	2199	31.291716
Pancreas and Gallbladder (N=42)	392	31.291716
Pancreas and Gallbladder (N=42)	1327	31.291716
Pancreas and Gallbladder (N=42)	1581	31.291716
Pancreas and Gallbladder (N=42)	1435	31.291716
Pancreas and Gallbladder (N=42)	1800	31.291716
Pancreas and Gallbladder (N=42)	839	31.291716
Pancreas and Gallbladder (N=42)	1840	31.291716
Pancreas and Gallbladder (N=42)	1396	31.291716
Pancreas and Gallbladder (N=42)	1265	31.291716
Pancreas and Gallbladder (N=42)	1424	31.291716
Pancreas and Gallbladder (N=42)	254	31.291716
Pancreas and Gallbladder (N=42)	1245	31.291716
Pancreas and Gallbladder (N=42)	4948	31.291716
Pancreas and Gallbladder (N=42)	708	31.291716
Pancreas and Gallbladder (N=42)	4764	31.291716
Pancreas and Gallbladder (N=42)	546	31.291716
Pancreas and Gallbladder (N=42)	1105	31.291716
Pancreas and Gallbladder (N=42)	407	31.291716
Pancreas and Gallbladder (N=42)	1100	31.291716
Pancreas and Gallbladder (N=42)	167	31.291716
Pancreas and Gallbladder (N=42)	704	31.291716
Pancreas and Gallbladder (N=42)	1713	31.291716
Pancreas and Gallbladder (N=42)	782	31.291716
Pancreas and Gallbladder (N=42)	515	31.291716
Pancreas and Gallbladder (N=42)	1277	31.291716
Pancreas and Gallbladder (N=42)	400	31.291716
Pancreas and Gallbladder (N=42)	223	31.291716
Pancreas and Gallbladder (N=42)	262	31.291716
Pancreas and Gallbladder (N=42)	1219	31.291716
Pancreas and Gallbladder (N=42)	1349	31.291716
Plasma Cell Lineage (N=29)	168	31.291716
Plasma Cell Lineage (N=29)	539	31.291716
Plasma Cell Lineage (N=29)	102	31.291716
Plasma Cell Lineage (N=29)	54	31.291716
Plasma Cell Lineage (N=29)	71	31.291716
Plasma Cell Lineage (N=29)	201	31.291716
Plasma Cell Lineage (N=29)	153	31.291716
Plasma Cell Lineage (N=29)	117	31.291716
Plasma Cell Lineage (N=29)	521	31.291716
Plasma Cell Lineage (N=29)	789	31.291716
Plasma Cell Lineage (N=29)	380	31.291716
Plasma Cell Lineage (N=29)	50	31.291716
Plasma Cell Lineage (N=29)	12	31.291716
Plasma Cell Lineage (N=29)	224	31.291716
Plasma Cell Lineage (N=29)	1943	31.291716
Plasma Cell Lineage (N=29)	17	31.291716
Plasma Cell Lineage (N=29)	26	31.291716
Plasma Cell Lineage (N=29)	61	31.291716
Plasma Cell Lineage (N=29)	21	31.291716
Plasma Cell Lineage (N=29)	1681	31.291716
Plasma Cell Lineage (N=29)	1322	31.291716
Plasma Cell Lineage (N=29)	221	31.291716
Plasma Cell Lineage (N=29)	1105	31.291716
Plasma Cell Lineage (N=29)	1336	31.291716
Plasma Cell Lineage (N=29)	27	31.291716
Plasma Cell Lineage (N=29)	670	31.291716
Plasma Cell Lineage (N=29)	761	31.291716
Plasma Cell Lineage (N=29)	602	31.291716
Plasma Cell Lineage (N=29)	112	31.291716
Prostate (N=67)	3682	31.291716
Prostate (N=67)	3530	31.291716
Prostate (N=67)	3725	31.291716
Prostate (N=67)	6637	31.291716
Prostate (N=67)	4808	31.291716
Prostate (N=67)	4726	31.291716
Prostate (N=67)	2685	31.291716
Prostate (N=67)	2287	31.291716
Prostate (N=67)	4978	31.291716
Prostate (N=67)	4519	31.291716
Prostate (N=67)	2669	31.291716
Prostate (N=67)	1639	31.291716
Prostate (N=67)	1456	31.291716
Prostate (N=67)	2075	31.291716
Prostate (N=67)	2708	31.291716
Prostate (N=67)	4260	31.291716
Prostate (N=67)	5101	31.291716
Prostate (N=67)	3201	31.291716
Prostate (N=67)	5415	31.291716
Prostate (N=67)	3874	31.291716
Prostate (N=67)	3157	31.291716
Prostate (N=67)	2038	31.291716
Prostate (N=67)	4001	31.291716
Prostate (N=67)	2691	31.291716
Prostate (N=67)	5376	31.291716
Prostate (N=67)	3376	31.291716
Prostate (N=67)	5697	31.291716
Prostate (N=67)	2004	31.291716
Prostate (N=67)	2110	31.291716
Prostate (N=67)	1399	31.291716
Prostate (N=67)	1611	31.291716
Prostate (N=67)	3362	31.291716
Prostate (N=67)	1858	31.291716
Prostate (N=67)	3674	31.291716
Prostate (N=67)	5971	31.291716
Prostate (N=67)	2568	31.291716
Prostate (N=67)	4291	31.291716
Prostate (N=67)	3310	31.291716
Prostate (N=67)	2322	31.291716
Prostate (N=67)	2308	31.291716
Prostate (N=67)	818	31.291716
Prostate (N=67)	2228	31.291716
Prostate (N=67)	2029	31.291716
Prostate (N=67)	1678	31.291716
Prostate (N=67)	2987	31.291716
Prostate (N=67)	3386	31.291716
Prostate (N=67)	2184	31.291716
Prostate (N=67)	2956	31.291716
Prostate (N=67)	2017	31.291716
Prostate (N=67)	2981	31.291716
Prostate (N=67)	2951	31.291716
Prostate (N=67)	1387	31.291716
Prostate (N=67)	1743	31.291716
Prostate (N=67)	1880	31.291716
Prostate (N=67)	1467	31.291716
Prostate (N=67)	2725	31.291716
Prostate (N=67)	1758	31.291716
Prostate (N=67)	5173	31.291716
Prostate (N=67)	4160	31.291716
Prostate (N=67)	3493	31.291716
Prostate (N=67)	1312	31.291716
Prostate (N=67)	5647	31.291716
Prostate (N=67)	1800	31.291716
Prostate (N=67)	4440	31.291716
Prostate (N=67)	2834	31.291716
Prostate (N=67)	1302	31.291716
Prostate (N=67)	2342	31.291716
Stomach and Esophagus (N=86)	219	31.291716
Stomach and Esophagus (N=86)	7443	31.291716
Stomach and Esophagus (N=86)	319	31.291716
Stomach and Esophagus (N=86)	419	31.291716
Stomach and Esophagus (N=86)	16438	31.291716
Stomach and Esophagus (N=86)	4493	31.291716
Stomach and Esophagus (N=86)	3733	31.291716
Stomach and Esophagus (N=86)	8276	31.291716
Stomach and Esophagus (N=86)	3013	31.291716
Stomach and Esophagus (N=86)	3042	31.291716
Stomach and Esophagus (N=86)	3791	31.291716
Stomach and Esophagus (N=86)	3367	31.291716
Stomach and Esophagus (N=86)	8783	31.291716
Stomach and Esophagus (N=86)	3193	31.291716
Stomach and Esophagus (N=86)	2042	31.291716
Stomach and Esophagus (N=86)	1268	31.291716
Stomach and Esophagus (N=86)	324	31.291716
Stomach and Esophagus (N=86)	3141	31.291716
Stomach and Esophagus (N=86)	2138	31.291716
Stomach and Esophagus (N=86)	12524	31.291716
Stomach and Esophagus (N=86)	1286	31.291716
Stomach and Esophagus (N=86)	7652	31.291716
Stomach and Esophagus (N=86)	1159	31.291716
Stomach and Esophagus (N=86)	1918	31.291716
Stomach and Esophagus (N=86)	5211	31.291716
Stomach and Esophagus (N=86)	2365	31.291716
Stomach and Esophagus (N=86)	6247	31.291716
Stomach and Esophagus (N=86)	3376	31.291716
Stomach and Esophagus (N=86)	9508	31.291716
Stomach and Esophagus (N=86)	5353	31.291716
Stomach and Esophagus (N=86)	10071	31.291716
Stomach and Esophagus (N=86)	5411	31.291716
Stomach and Esophagus (N=86)	6598	31.291716
Stomach and Esophagus (N=86)	5584	31.291716
Stomach and Esophagus (N=86)	7301	31.291716
Stomach and Esophagus (N=86)	19149	31.291716
Stomach and Esophagus (N=86)	5439	31.291716
Stomach and Esophagus (N=86)	18861	31.291716
Stomach and Esophagus (N=86)	4889	31.291716
Stomach and Esophagus (N=86)	2051	31.291716
Stomach and Esophagus (N=86)	245	31.291716
Stomach and Esophagus (N=86)	12186	31.291716
Stomach and Esophagus (N=86)	6299	31.291716
Stomach and Esophagus (N=86)	1554	31.291716
Stomach and Esophagus (N=86)	14228	31.291716
Stomach and Esophagus (N=86)	13628	31.291716
Stomach and Esophagus (N=86)	8252	31.291716
Stomach and Esophagus (N=86)	28081	31.291716
Stomach and Esophagus (N=86)	7302	31.291716
Stomach and Esophagus (N=86)	17523	31.291716
Stomach and Esophagus (N=86)	16638	31.291716
Stomach and Esophagus (N=86)	7344	31.291716
Stomach and Esophagus (N=86)	1489	31.291716
Stomach and Esophagus (N=86)	1510	31.291716
Stomach and Esophagus (N=86)	2317	31.291716
Stomach and Esophagus (N=86)	6524	31.291716
Stomach and Esophagus (N=86)	5125	31.291716
Stomach and Esophagus (N=86)	2838	31.291716
Stomach and Esophagus (N=86)	580	31.291716
Stomach and Esophagus (N=86)	11664	31.291716
Stomach and Esophagus (N=86)	14456	31.291716
Stomach and Esophagus (N=86)	4800	31.291716
Stomach and Esophagus (N=86)	16510	31.291716
Stomach and Esophagus (N=86)	11142	31.291716
Stomach and Esophagus (N=86)	2932	31.291716
Stomach and Esophagus (N=86)	9146	31.291716
Stomach and Esophagus (N=86)	3176	31.291716
Stomach and Esophagus (N=86)	9603	31.291716
Stomach and Esophagus (N=86)	11388	31.291716
Stomach and Esophagus (N=86)	714	31.291716
Stomach and Esophagus (N=86)	1239	31.291716
Stomach and Esophagus (N=86)	2845	31.291716
Stomach and Esophagus (N=86)	1974	31.291716
Stomach and Esophagus (N=86)	1012	31.291716
Stomach and Esophagus (N=86)	5023	31.291716
Stomach and Esophagus (N=86)	1083	31.291716
Stomach and Esophagus (N=86)	3225	31.291716
Stomach and Esophagus (N=86)	1144	31.291716
Stomach and Esophagus (N=86)	6957	31.291716
Stomach and Esophagus (N=86)	1108	31.291716
Stomach and Esophagus (N=86)	8136	31.291716
Stomach and Esophagus (N=86)	2653	31.291716
Stomach and Esophagus (N=86)	2016	31.291716
Stomach and Esophagus (N=86)	2014	31.291716
Stomach and Esophagus (N=86)	3051	31.291716
Stomach and Esophagus (N=86)	1858	31.291716
Uterus (N=53)	1463	31.291716
Uterus (N=53)	1780	31.291716
Uterus (N=53)	2250	31.291716
Uterus (N=53)	649	31.291716
Uterus (N=53)	1499	31.291716
Uterus (N=53)	332	31.291716
Uterus (N=53)	3477	31.291716
Uterus (N=53)	3461	31.291716
Uterus (N=53)	2068	31.291716
Uterus (N=53)	978	31.291716
Uterus (N=53)	1152	31.291716
Uterus (N=53)	1222	31.291716
Uterus (N=53)	658	31.291716
Uterus (N=53)	995	31.291716
Uterus (N=53)	2029	31.291716
Uterus (N=53)	483	31.291716
Uterus (N=53)	1144	31.291716
Uterus (N=53)	2457	31.291716
Uterus (N=53)	3067	31.291716
Uterus (N=53)	2592	31.291716
Uterus (N=53)	862	31.291716
Uterus (N=53)	2588	31.291716
Uterus (N=53)	1007	31.291716
Uterus (N=53)	2625	31.291716
Uterus (N=53)	1159	31.291716
Uterus (N=53)	175	31.291716
Uterus (N=53)	2649	31.291716
Uterus (N=53)	2829	31.291716
Uterus (N=53)	1040	31.291716
Uterus (N=53)	1788	31.291716
Uterus (N=53)	3020	31.291716
Uterus (N=53)	3460	31.291716
Uterus (N=53)	702	31.291716
Uterus (N=53)	910	31.291716
Uterus (N=53)	2848	31.291716
Uterus (N=53)	1471	31.291716
Uterus (N=53)	749	31.291716
Uterus (N=53)	696	31.291716
Uterus (N=53)	1767	31.291716
Uterus (N=53)	1669	31.291716
Uterus (N=53)	1744	31.291716
Uterus (N=53)	5628	31.291716
Uterus (N=53)	4198	31.291716
Uterus (N=53)	4566	31.291716
Uterus (N=53)	462	31.291716
Uterus (N=53)	259	31.291716
Uterus (N=53)	2704	31.291716
Uterus (N=53)	2662	31.291716
Uterus (N=53)	1692	31.291716
Uterus (N=53)	2574	31.291716
Uterus (N=53)	1955	31.291716
Uterus (N=53)	2269	31.291716
Uterus (N=53)	880	31.291716
