tissue_id	label
tissue_781	Myeloid Lineage
tissue_186	Myeloid Lineage
tissue_936	Myeloid Lineage
tissue_261	Lung
tissue_495	Ovary
tissue_444	Kidney
tissue_623	Breast
tissue_296	Melanocytic Lineage
tissue_379	Breast
tissue_973	NEC of Lung or Other Organs
tissue_1016	Breast
tissue_12	Ovary
tissue_325	Lung
tissue_365	Kidney
tissue_103	Kidney
tissue_149	Stomach and Esophagus
tissue_660	Head and Neck
tissue_519	Lung
tissue_412	Kidney
tissue_27	Stomach and Esophagus
tissue_456	Breast
tissue_448	Lymphoid Lineage
tissue_331	Lung
tissue_726	Breast
tissue_432	Head and Neck
tissue_410	Stomach and Esophagus
tissue_928	Lung
tissue_960	NEC of Lung or Other Organs
tissue_894	Kidney
tissue_67	Kidney
tissue_896	Kidney
tissue_970	Kidney
tissue_988	Lymphoid Lineage
tissue_632	Kidney
tissue_715	Lymphoid Lineage
tissue_891	Cervix
tissue_813	Ovary
tissue_175	Lymphoid Lineage
tissue_530	Uterus
tissue_549	Lung
tissue_303	Pancreas and Gallbladder
tissue_178	Head and Neck
tissue_126	Breast
tissue_332	Lung
tissue_243	Kidney
tissue_345	Uterus
tissue_619	Kidney
tissue_51	Cervix
tissue_729	Stomach and Esophagus
tissue_780	Ovary
tissue_220	Lung
tissue_670	Lung
tissue_231	NEC of Lung or Other Organs
tissue_719	Stomach and Esophagus
tissue_986	Head and Neck
tissue_237	Stomach and Esophagus
tissue_628	Stomach and Esophagus
tissue_9	Head and Neck
tissue_285	Pancreas and Gallbladder
tissue_394	Cervix
tissue_50	Bladder and Urothelial Tract
tissue_141	NEC of Lung or Other Organs
tissue_618	NEC of Lung or Other Organs
tissue_840	Lung
tissue_733	Colon and Rectum
tissue_1052	NEC of Lung or Other Organs
tissue_762	Head and Neck
tissue_950	Prostate
tissue_283	Liver and Bile Duct
tissue_221	NEC of Lung or Other Organs
tissue_255	Colon and Rectum
tissue_737	Lymphoid Lineage
tissue_146	Stomach and Esophagus
tissue_110	Lymphoid Lineage
tissue_906	Colon and Rectum
tissue_923	Lung
tissue_842	Colon and Rectum
tissue_924	Bladder and Urothelial Tract
tissue_504	Lymphoid Lineage
tissue_831	Kidney
tissue_997	Colon and Rectum
tissue_941	Stomach and Esophagus
tissue_727	Bone and Soft Tissue
tissue_810	Bone and Soft Tissue
tissue_748	Ovary
tissue_855	Cervix
tissue_83	Lung
tissue_1043	NEC of Lung or Other Organs
tissue_542	Lung
tissue_428	Head and Neck
tissue_560	NEC of Lung or Other Organs
tissue_1011	Stomach and Esophagus
tissue_521	Bladder and Urothelial Tract
tissue_876	Head and Neck
tissue_219	Stomach and Esophagus
tissue_561	Bone and Soft Tissue
tissue_508	NEC of Lung or Other Organs
tissue_1050	Kidney
tissue_355	NEC of Lung or Other Organs
tissue_310	Ovary
tissue_598	Lymphoid Lineage
tissue_1055	Stomach and Esophagus
tissue_211	Bone and Soft Tissue
tissue_109	Colon and Rectum
tissue_744	Plasma Cell Lineage
tissue_796	Colon and Rectum
tissue_490	NEC of Lung or Other Organs
tissue_578	Lung
tissue_156	Pancreas and Gallbladder
tissue_736	Lung
tissue_357	Lymphoid Lineage
tissue_765	Prostate
tissue_151	Cervix
tissue_999	Pancreas and Gallbladder
tissue_622	Pancreas and Gallbladder
tissue_450	Stomach and Esophagus
tissue_1080	Lymphoid Lineage
tissue_1009	Liver and Bile Duct
tissue_459	Uterus
tissue_871	Prostate
tissue_880	Head and Neck
tissue_284	NEC of Lung or Other Organs
tissue_839	Lymphoid Lineage
tissue_337	Head and Neck
tissue_1063	Head and Neck
tissue_29	Lymphoid Lineage
tissue_198	Head and Neck
tissue_127	Head and Neck
tissue_644	Lung
tissue_588	NEC of Lung or Other Organs
tissue_1031	Bone and Soft Tissue
tissue_373	Prostate
tissue_612	Uterus
tissue_630	Lung
tissue_341	Prostate
tissue_918	Stomach and Esophagus
tissue_689	Lymphoid Lineage
tissue_61	Kidney
tissue_304	Stomach and Esophagus
tissue_129	NEC of Lung or Other Organs
tissue_1042	Lymphoid Lineage
tissue_1093	Colon and Rectum
tissue_451	Ovary
tissue_187	Colon and Rectum
tissue_189	Lung
tissue_380	Bladder and Urothelial Tract
tissue_1102	Ovary
tissue_693	Colon and Rectum
tissue_173	Lung
tissue_841	Pancreas and Gallbladder
tissue_1059	Liver and Bile Duct
tissue_804	NEC of Lung or Other Organs
tissue_416	Plasma Cell Lineage
tissue_517	Lung
tissue_837	Lung
tissue_740	Colon and Rectum
tissue_815	Lymphoid Lineage
tissue_511	Lung
tissue_259	NEC of Lung or Other Organs
tissue_265	Colon and Rectum
tissue_230	Lung
tissue_361	Bone and Soft Tissue
tissue_20	Lung
tissue_368	NEC of Lung or Other Organs
tissue_728	Lung
tissue_418	Head and Neck
tissue_360	Stomach and Esophagus
tissue_971	Lung
tissue_133	NEC of Lung or Other Organs
tissue_699	Breast
tissue_592	Kidney
tissue_1020	Head and Neck
tissue_305	Stomach and Esophagus
tissue_510	Pancreas and Gallbladder
tissue_266	Breast
tissue_721	Anus
tissue_201	Ovary
tissue_330	Stomach and Esophagus
tissue_1015	Prostate
tissue_858	NEC of Lung or Other Organs
tissue_1	Lymphoid Lineage
tissue_806	Liver and Bile Duct
tissue_1067	Bone and Soft Tissue
tissue_164	Plasma Cell Lineage
tissue_686	Pancreas and Gallbladder
tissue_707	Bone and Soft Tissue
tissue_605	Plasma Cell Lineage
tissue_466	NEC of Lung or Other Organs
tissue_951	Ovary
tissue_613	Prostate
tissue_942	Pancreas and Gallbladder
tissue_957	Ovary
tissue_449	Prostate
tissue_135	NEC of Lung or Other Organs
tissue_731	NEC of Lung or Other Organs
tissue_415	NEC of Lung or Other Organs
tissue_664	Plasma Cell Lineage
tissue_483	Lymphoid Lineage
tissue_372	NEC of Lung or Other Organs
tissue_1111	Plasma Cell Lineage
tissue_217	Lymphoid Lineage
tissue_120	Anus
tissue_315	NEC of Lung or Other Organs
tissue_1105	Lymphoid Lineage
tissue_550	Head and Neck
tissue_242	Lung
tissue_475	Lymphoid Lineage
tissue_516	Liver and Bile Duct
tissue_74	Liver and Bile Duct
tissue_1002	NEC of Lung or Other Organs
tissue_1082	NEC of Lung or Other Organs
tissue_875	Cervix
tissue_1057	Prostate
tissue_491	Lung
tissue_722	Head and Neck
tissue_767	Ovary
tissue_525	Head and Neck
tissue_155	Lymphoid Lineage
tissue_509	Lymphoid Lineage
tissue_718	Lung
tissue_820	Colon and Rectum
tissue_1098	Ovary
tissue_574	Lymphoid Lineage
tissue_680	Lymphoid Lineage
tissue_606	Lymphoid Lineage
tissue_260	Breast
tissue_785	Colon and Rectum
tissue_769	Lung
tissue_45	Colon and Rectum
tissue_392	Lymphoid Lineage
tissue_327	Lung
tissue_257	Colon and Rectum
tissue_258	Lymphoid Lineage
tissue_417	Head and Neck
tissue_374	Head and Neck
tissue_977	Liver and Bile Duct
tissue_657	Cervix
tissue_585	Breast
tissue_616	Ovary
tissue_306	Lung
tissue_253	Bone and Soft Tissue
tissue_1068	Pancreas and Gallbladder
tissue_111	Pancreas and Gallbladder
tissue_1064	Kidney
tissue_76	Head and Neck
tissue_268	Lung
tissue_1109	Head and Neck
tissue_688	Head and Neck
tissue_1065	Prostate
tissue_14	Kidney
tissue_238	Kidney
tissue_439	Breast
tissue_17	Cervix
tissue_886	Liver and Bile Duct
tissue_537	Liver and Bile Duct
tissue_471	Lymphoid Lineage
tissue_248	Lymphoid Lineage
tissue_49	Lymphoid Lineage
tissue_277	Breast
tissue_78	Kidney
tissue_322	Pancreas and Gallbladder
tissue_935	Head and Neck
tissue_254	Ovary
tissue_710	Liver and Bile Duct
tissue_756	Stomach and Esophagus
tissue_593	Cervix
tissue_15	Kidney
tissue_30	Breast
tissue_152	Bladder and Urothelial Tract
tissue_328	Kidney
tissue_121	Breast
tissue_671	Breast
tissue_193	Lymphoid Lineage
tissue_87	Lung
tissue_251	Lymphoid Lineage
tissue_399	Stomach and Esophagus
tissue_532	Stomach and Esophagus
tissue_868	Colon and Rectum
tissue_717	Lung
tissue_200	Lung
tissue_969	Lymphoid Lineage
tissue_320	Head and Neck
tissue_1022	Head and Neck
tissue_723	Kidney
tissue_1033	Lung
tissue_515	Lymphoid Lineage
tissue_382	Lymphoid Lineage
tissue_370	Ovary
tissue_16	Prostate
tissue_1049	Liver and Bile Duct
tissue_802	Stomach and Esophagus
tissue_893	Bone and Soft Tissue
tissue_819	Kidney
tissue_742	Head and Neck
tissue_297	Prostate
tissue_753	Prostate
tissue_849	Stomach and Esophagus
tissue_749	Prostate
tissue_808	Breast
tissue_427	Plasma Cell Lineage
tissue_378	Lung
tissue_402	Lung
tissue_488	Ovary
tissue_264	Head and Neck
tissue_77	Head and Neck
tissue_247	NEC of Lung or Other Organs
tissue_873	Prostate
tissue_914	Melanocytic Lineage
tissue_1047	Myeloid Lineage
tissue_1077	Lung
tissue_19	Uterus
tissue_1112	Head and Neck
tissue_534	Colon and Rectum
tissue_1006	Pancreas and Gallbladder
tissue_772	Breast
tissue_159	Breast
tissue_90	Breast
tissue_621	Stomach and Esophagus
tissue_1030	Plasma Cell Lineage
tissue_568	Stomach and Esophagus
tissue_132	Liver and Bile Duct
tissue_438	Kidney
tissue_994	Breast
tissue_34	Bladder and Urothelial Tract
tissue_978	Breast
tissue_358	Stomach and Esophagus
tissue_761	Lymphoid Lineage
tissue_1060	Lung
tissue_503	Head and Neck
tissue_691	Colon and Rectum
tissue_302	Colon and Rectum
tissue_298	Breast
tissue_746	Uterus
tissue_829	Prostate
tissue_366	Uterus
tissue_666	Stomach and Esophagus
tissue_311	Kidney
tissue_309	Breast
tissue_429	Stomach and Esophagus
tissue_595	Breast
tissue_869	Kidney
tissue_1084	Breast
tissue_535	Breast
tissue_1024	Lung
tissue_1036	Prostate
tissue_697	Head and Neck
tissue_71	Prostate
tissue_346	Uterus
tissue_690	Prostate
tissue_907	Ovary
tissue_1045	Prostate
tissue_125	Ovary
tissue_677	Breast
tissue_281	Colon and Rectum
tissue_866	Colon and Rectum
tissue_308	Pancreas and Gallbladder
tissue_836	Prostate
tissue_1051	Cervix
tissue_39	Ovary
tissue_652	Prostate
tissue_679	Anus
tissue_803	Kidney
tissue_364	Breast
tissue_33	Lymphoid Lineage
tissue_934	Kidney
tissue_314	Colon and Rectum
tissue_965	Lung
tissue_626	Bladder and Urothelial Tract
tissue_117	Colon and Rectum
tissue_799	Breast
tissue_96	Lymphoid Lineage
tissue_213	Uterus
tissue_587	Breast
tissue_229	Breast
tissue_597	Breast
tissue_554	Prostate
tissue_833	Prostate
tissue_695	Pancreas and Gallbladder
tissue_437	Prostate
tissue_414	Prostate
tissue_445	Breast
tissue_286	Stomach and Esophagus
tissue_84	Breast
tissue_65	Lymphoid Lineage
tissue_823	Prostate
tissue_653	Breast
tissue_920	Breast
tissue_825	Colon and Rectum
tissue_672	Lymphoid Lineage
tissue_100	Bladder and Urothelial Tract
tissue_912	Kidney
tissue_249	Ovary
tissue_725	Prostate
tissue_863	Lymphoid Lineage
tissue_441	Prostate
tissue_158	Ovary
tissue_245	Breast
tissue_792	Bone and Soft Tissue
tissue_351	Colon and Rectum
tissue_738	Breast
tissue_31	Prostate
tissue_396	Uterus
tissue_582	Breast
tissue_89	Breast
tissue_408	Ovary
tissue_807	Lymphoid Lineage
tissue_1054	Melanocytic Lineage
tissue_318	Stomach and Esophagus
tissue_295	Stomach and Esophagus
tissue_1032	Colon and Rectum
tissue_197	Colon and Rectum
tissue_79	Uterus
tissue_1104	Breast
tissue_524	Lymphoid Lineage
tissue_1094	Stomach and Esophagus
tissue_443	Bladder and Urothelial Tract
tissue_150	Stomach and Esophagus
tissue_404	Prostate
tissue_469	Colon and Rectum
tissue_701	Head and Neck
tissue_387	Colon and Rectum
tissue_1017	Stomach and Esophagus
tissue_790	Melanocytic Lineage
tissue_714	Breast
tissue_223	Breast
tissue_454	Kidney
tissue_468	Breast
tissue_758	Lymphoid Lineage
tissue_241	Lung
tissue_1090	Lymphoid Lineage
tissue_244	Lymphoid Lineage
tissue_350	Colon and Rectum
tissue_352	Prostate
tissue_743	NEC of Lung or Other Organs
tissue_921	Lung
tissue_1066	Breast
tissue_1073	Head and Neck
tissue_705	Breast
tissue_55	NEC of Lung or Other Organs
tissue_791	Kidney
tissue_980	Breast
tissue_548	Ovary
tissue_637	Uterus
tissue_72	Ovary
tissue_1107	Breast
tissue_1095	Prostate
tissue_984	Colon and Rectum
tissue_1061	Stomach and Esophagus
tissue_962	Breast
tissue_369	Prostate
tissue_274	Prostate
tissue_101	Bladder and Urothelial Tract
tissue_845	Breast
tissue_1046	Lung
tissue_573	Kidney
tissue_210	Head and Neck
tissue_367	Colon and Rectum
tissue_228	Colon and Rectum
tissue_811	Uterus
tissue_59	Bladder and Urothelial Tract
tissue_41	Head and Neck
tissue_768	NEC of Lung or Other Organs
tissue_953	Bladder and Urothelial Tract
tissue_895	Stomach and Esophagus
tissue_1088	Stomach and Esophagus
tissue_334	Prostate
tissue_1056	Breast
tissue_611	Head and Neck
tissue_610	NEC of Lung or Other Organs
tissue_862	Colon and Rectum
tissue_1053	Breast
tissue_128	Cervix
tissue_56	Bladder and Urothelial Tract
tissue_204	Breast
tissue_822	Kidney
tissue_636	Prostate
tissue_489	Breast
tissue_931	Bone and Soft Tissue
tissue_850	Breast
tissue_343	Lung
tissue_24	Colon and Rectum
tissue_62	Melanocytic Lineage
tissue_10	Breast
tissue_291	Bone and Soft Tissue
tissue_145	Uterus
tissue_168	Breast
tissue_497	Lymphoid Lineage
tissue_575	Breast
tissue_289	Plasma Cell Lineage
tissue_643	Kidney
tissue_562	Uterus
tissue_182	Breast
tissue_144	Ovary
tissue_540	Breast
tissue_678	Lung
tissue_474	Breast
tissue_624	Colon and Rectum
tissue_797	Lung
tissue_1039	Lymphoid Lineage
tissue_1097	Breast
tissue_53	Lymphoid Lineage
tissue_43	Head and Neck
tissue_589	Uterus
tissue_498	Lung
tissue_764	Uterus
tissue_481	Prostate
tissue_801	Kidney
tissue_407	Lung
tissue_812	Lung
tissue_539	Colon and Rectum
tissue_981	Breast
tissue_105	Prostate
tissue_992	Kidney
tissue_987	Head and Neck
tissue_134	NEC of Lung or Other Organs
tissue_1087	Prostate
tissue_700	Lymphoid Lineage
tissue_859	Ovary
tissue_172	Cervix
tissue_447	Prostate
tissue_1110	Breast
tissue_631	Kidney
tissue_1012	Colon and Rectum
tissue_131	Lung
tissue_181	Lymphoid Lineage
tissue_922	Breast
tissue_406	Cervix
tissue_122	Lymphoid Lineage
tissue_1071	Prostate
tissue_559	Stomach and Esophagus
tissue_656	Breast
tissue_1001	Lymphoid Lineage
tissue_964	Lung
tissue_1000	Breast
tissue_499	Colon and Rectum
tissue_579	NEC of Lung or Other Organs
tissue_226	Plasma Cell Lineage
tissue_1003	Head and Neck
tissue_176	Cervix
tissue_467	Breast
tissue_835	Colon and Rectum
tissue_1007	Breast
tissue_847	Head and Neck
tissue_650	Colon and Rectum
tissue_938	Breast
tissue_529	Lymphoid Lineage
tissue_852	Prostate
tissue_163	Prostate
tissue_982	Lymphoid Lineage
tissue_563	Ovary
tissue_185	Breast
tissue_649	Stomach and Esophagus
tissue_681	Breast
tissue_712	Lung
tissue_140	Breast
tissue_457	Stomach and Esophagus
tissue_1044	Bone and Soft Tissue
tissue_552	Breast
tissue_889	Prostate
tissue_263	Stomach and Esophagus
tissue_446	Lymphoid Lineage
tissue_403	Uterus
tissue_899	Kidney
tissue_985	Bladder and Urothelial Tract
tissue_933	Prostate
tissue_493	Lung
tissue_617	Uterus
tissue_879	NEC of Lung or Other Organs
tissue_601	Lymphoid Lineage
tissue_567	Uterus
tissue_452	Colon and Rectum
tissue_75	Uterus
tissue_754	Breast
tissue_966	Pancreas and Gallbladder
tissue_676	Uterus
tissue_730	Melanocytic Lineage
tissue_788	Lymphoid Lineage
tissue_108	Stomach and Esophagus
tissue_558	Uterus
tissue_5	Liver and Bile Duct
tissue_954	NEC of Lung or Other Organs
tissue_85	Lymphoid Lineage
tissue_64	Bladder and Urothelial Tract
tissue_35	Lymphoid Lineage
tissue_752	Lung
tissue_1035	Lymphoid Lineage
tissue_586	Breast
tissue_576	Stomach and Esophagus
tissue_1005	Lung
tissue_112	Cervix
tissue_571	Lung
tissue_800	Ovary
tissue_939	Lymphoid Lineage
tissue_118	Breast
tissue_1041	Breast
tissue_675	Lymphoid Lineage
tissue_463	Colon and Rectum
tissue_865	Uterus
tissue_472	NEC of Lung or Other Organs
tissue_54	Kidney
tissue_203	Breast
tissue_329	Pancreas and Gallbladder
tissue_401	Breast
tissue_927	Ovary
tissue_1069	Bladder and Urothelial Tract
tissue_538	Bone and Soft Tissue
tissue_968	Bladder and Urothelial Tract
tissue_514	Bladder and Urothelial Tract
tissue_687	Lymphoid Lineage
tissue_442	Anus
tissue_60	Stomach and Esophagus
tissue_106	Prostate
tissue_545	Stomach and Esophagus
tissue_195	Bladder and Urothelial Tract
tissue_421	Lung
tissue_1037	Uterus
tissue_1108	Kidney
tissue_375	Colon and Rectum
tissue_384	Ovary
tissue_1070	Breast
tissue_348	Head and Neck
tissue_794	Kidney
tissue_639	Prostate
tissue_625	Liver and Bile Duct
tissue_569	Anus
tissue_246	Ovary
tissue_821	Prostate
tissue_1058	Lymphoid Lineage
tissue_433	NEC of Lung or Other Organs
tissue_239	Lymphoid Lineage
tissue_732	Prostate
tissue_844	NEC of Lung or Other Organs
tissue_455	Lung
tissue_655	Breast
tissue_580	Ovary
tissue_1026	Melanocytic Lineage
tissue_659	Uterus
tissue_316	Breast
tissue_566	Breast
tissue_107	Prostate
tissue_757	Bone and Soft Tissue
tissue_603	Breast
tissue_638	Prostate
tissue_169	Melanocytic Lineage
tissue_520	Lung
tissue_702	Prostate
tissue_745	Lymphoid Lineage
tissue_634	Lung
tissue_557	Bladder and Urothelial Tract
tissue_234	Kidney
tissue_116	Breast
tissue_963	Uterus
tissue_82	Breast
tissue_604	Prostate
tissue_13	Breast
tissue_290	Liver and Bile Duct
tissue_363	Prostate
tissue_153	Breast
tissue_166	Cervix
tissue_202	Colon and Rectum
tissue_1025	Head and Neck
tissue_371	Melanocytic Lineage
tissue_1092	Uterus
tissue_278	Kidney
tissue_533	Breast
tissue_1086	Lung
tissue_353	Breast
tissue_477	Uterus
tissue_236	Prostate
tissue_113	Head and Neck
tissue_776	Head and Neck
tissue_32	Anus
tissue_1100	Kidney
tissue_929	Lymphoid Lineage
tissue_983	Bone and Soft Tissue
tissue_136	Breast
tissue_7	Breast
tissue_848	Breast
tissue_8	Ovary
tissue_661	Pancreas and Gallbladder
tissue_956	Lymphoid Lineage
tissue_6	Stomach and Esophagus
tissue_1010	Lung
tissue_138	Lymphoid Lineage
tissue_755	Lung
tissue_124	Breast
tissue_975	Uterus
tissue_479	Kidney
tissue_572	Breast
tissue_1099	Colon and Rectum
tissue_288	Prostate
tissue_698	Breast
tissue_627	Kidney
tissue_943	Prostate
tissue_462	Breast
tissue_1018	Stomach and Esophagus
tissue_324	Lymphoid Lineage
tissue_547	Lung
tissue_478	Stomach and Esophagus
tissue_766	Melanocytic Lineage
tissue_843	Head and Neck
tissue_26	Kidney
tissue_793	Lung
tissue_419	Colon and Rectum
tissue_952	Stomach and Esophagus
tissue_832	Breast
tissue_275	Prostate
tissue_996	Ovary
tissue_724	Bladder and Urothelial Tract
tissue_1075	Uterus
tissue_4	Breast
tissue_541	Lung
tissue_919	Bladder and Urothelial Tract
tissue_1013	Lymphoid Lineage
tissue_596	Prostate
tissue_235	Uterus
tissue_976	Colon and Rectum
tissue_485	Bladder and Urothelial Tract
tissue_312	Breast
tissue_972	Prostate
tissue_233	Kidney
tissue_905	Uterus
tissue_99	Breast
tissue_1027	Kidney
tissue_42	Cervix
tissue_816	Bladder and Urothelial Tract
tissue_874	Ovary
tissue_344	Breast
tissue_342	Pancreas and Gallbladder
tissue_747	NEC of Lung or Other Organs
tissue_824	Cervix
tissue_214	Lung
tissue_1101	Melanocytic Lineage
tissue_167	Head and Neck
tissue_528	Stomach and Esophagus
tissue_28	Anus
tissue_947	Ovary
tissue_911	NEC of Lung or Other Organs
tissue_123	Colon and Rectum
tissue_397	Uterus
tissue_321	Kidney
tissue_783	NEC of Lung or Other Organs
tissue_323	Breast
tissue_827	Lung
tissue_522	Breast
tissue_512	Colon and Rectum
tissue_786	Kidney
tissue_486	Breast
tissue_436	Uterus
tissue_881	Lung
tissue_500	Kidney
tissue_174	Breast
tissue_1096	Stomach and Esophagus
tissue_335	Pancreas and Gallbladder
tissue_37	Lymphoid Lineage
tissue_543	Lung
tissue_440	Colon and Rectum
tissue_339	Ovary
tissue_36	Lymphoid Lineage
tissue_171	Colon and Rectum
tissue_395	Breast
tissue_1074	Plasma Cell Lineage
tissue_948	Stomach and Esophagus
tissue_779	Prostate
tissue_817	Breast
tissue_642	Head and Neck
tissue_507	Breast
tissue_160	Cervix
tissue_818	Ovary
tissue_340	Melanocytic Lineage
tissue_192	Uterus
tissue_206	Lymphoid Lineage
tissue_828	Ovary
tissue_409	Bladder and Urothelial Tract
tissue_917	Kidney
tissue_750	Kidney
tissue_633	Lung
tissue_1008	Lung
tissue_205	Lung
tissue_66	Kidney
tissue_531	Prostate
tissue_383	Melanocytic Lineage
tissue_1029	Prostate
tissue_696	Lymphoid Lineage
tissue_979	Colon and Rectum
tissue_706	Liver and Bile Duct
tissue_196	Breast
tissue_1019	NEC of Lung or Other Organs
tissue_867	Stomach and Esophagus
tissue_600	Lung
tissue_682	Uterus
tissue_913	Pancreas and Gallbladder
tissue_338	NEC of Lung or Other Organs
tissue_1113	Breast
tissue_551	Melanocytic Lineage
tissue_854	Uterus
tissue_709	Bladder and Urothelial Tract
tissue_393	Uterus
tissue_80	Lymphoid Lineage
tissue_430	Breast
tissue_354	Lung
tissue_775	Breast
tissue_115	Stomach and Esophagus
tissue_937	Stomach and Esophagus
tissue_1072	Lung
tissue_903	Cervix
tissue_967	Kidney
tissue_734	Lung
tissue_1021	Colon and Rectum
tissue_1106	Breast
tissue_974	NEC of Lung or Other Organs
tissue_148	Lung
tissue_279	Breast
tissue_782	Colon and Rectum
tissue_945	Lung
tissue_713	Breast
tissue_114	Breast
tissue_991	Stomach and Esophagus
tissue_708	Pancreas and Gallbladder
tissue_615	Pancreas and Gallbladder
tissue_663	Lung
tissue_902	Lung
tissue_256	Stomach and Esophagus
tissue_777	Ovary
tissue_901	Lung
tissue_1004	Kidney
tissue_759	Ovary
tissue_104	Lymphoid Lineage
tissue_208	Colon and Rectum
tissue_932	Uterus
tissue_720	Ovary
tissue_692	Stomach and Esophagus
tissue_102	Lung
tissue_183	Lung
tissue_68	Prostate
tissue_391	Head and Neck
tissue_93	Melanocytic Lineage
tissue_506	Lymphoid Lineage
tissue_44	Colon and Rectum
tissue_225	Breast
tissue_161	Breast
tissue_307	Colon and Rectum
tissue_276	Lung
tissue_1023	Lymphoid Lineage
tissue_993	Pancreas and Gallbladder
tissue_188	Plasma Cell Lineage
tissue_482	NEC of Lung or Other Organs
tissue_1076	Head and Neck
tissue_946	Prostate
tissue_505	Breast
tissue_834	Head and Neck
tissue_270	Pancreas and Gallbladder
tissue_494	Colon and Rectum
tissue_86	Cervix
tissue_209	Head and Neck
tissue_940	Myeloid Lineage
tissue_398	Kidney
tissue_805	Lung
tissue_830	Colon and Rectum
tissue_998	Ovary
tissue_1014	Kidney
tissue_683	Prostate
tissue_157	Breast
tissue_425	Cervix
tissue_1083	Lung
tissue_648	Uterus
tissue_70	Breast
tissue_883	Breast
tissue_553	Kidney
tissue_356	Pancreas and Gallbladder
tissue_577	Melanocytic Lineage
tissue_400	Lung
tissue_81	Cervix
tissue_910	Stomach and Esophagus
tissue_47	NEC of Lung or Other Organs
tissue_426	Head and Neck
tissue_40	Breast
tissue_773	Stomach and Esophagus
tissue_930	Lymphoid Lineage
tissue_861	Plasma Cell Lineage
tissue_194	Kidney
tissue_787	Colon and Rectum
tissue_319	Kidney
tissue_299	Ovary
tissue_513	Colon and Rectum
tissue_1089	Colon and Rectum
tissue_362	Ovary
tissue_760	Bladder and Urothelial Tract
tissue_784	Ovary
tissue_224	Stomach and Esophagus
tissue_333	Ovary
tissue_640	Stomach and Esophagus
tissue_665	Myeloid Lineage
tissue_872	Colon and Rectum
tissue_857	Plasma Cell Lineage
tissue_1078	Plasma Cell Lineage
tissue_583	Lymphoid Lineage
tissue_496	Colon and Rectum
tissue_431	Colon and Rectum
tissue_23	Ovary
tissue_1038	Ovary
tissue_890	Ovary
tissue_846	Ovary
tissue_771	Uterus
tissue_218	Colon and Rectum
tissue_267	Ovary
tissue_916	Ovary
tissue_317	Ovary
tissue_609	Ovary
tissue_147	Colon and Rectum
tissue_464	Ovary
tissue_461	Ovary
tissue_1081	Lung
tissue_684	Lung
tissue_668	Breast
tissue_674	Lung
tissue_405	Ovary
tissue_88	Myeloid Lineage
tissue_878	Pancreas and Gallbladder
tissue_926	Kidney
tissue_591	Bladder and Urothelial Tract
tissue_98	Bladder and Urothelial Tract
tissue_620	Bladder and Urothelial Tract
tissue_770	Kidney
tissue_958	Breast
tissue_870	Plasma Cell Lineage
tissue_694	Plasma Cell Lineage
tissue_711	Plasma Cell Lineage
tissue_900	Kidney
tissue_38	Stomach and Esophagus
tissue_955	Lung
tissue_413	Myeloid Lineage
tissue_336	Lung
tissue_435	Ovary
tissue_887	Lung
tissue_301	Ovary
tissue_898	Stomach and Esophagus
tissue_422	Stomach and Esophagus
tissue_423	Stomach and Esophagus
tissue_763	Bladder and Urothelial Tract
tissue_860	Bladder and Urothelial Tract
tissue_349	Bladder and Urothelial Tract
tissue_564	Bladder and Urothelial Tract
tissue_662	Lung
tissue_11	Myeloid Lineage
tissue_502	Bladder and Urothelial Tract
tissue_897	Breast
tissue_581	Myeloid Lineage
tissue_25	Plasma Cell Lineage
tissue_789	Kidney
tissue_476	Myeloid Lineage
tissue_735	Ovary
tissue_673	Uterus
tissue_704	Ovary
tissue_142	Ovary
tissue_990	Myeloid Lineage
tissue_21	Myeloid Lineage
tissue_647	Lymphoid Lineage
tissue_465	Lymphoid Lineage
tissue_1028	Lymphoid Lineage
tissue_565	Myeloid Lineage
tissue_48	Colon and Rectum
tissue_645	Colon and Rectum
tissue_91	Colon and Rectum
tissue_523	Colon and Rectum
tissue_162	Colon and Rectum
tissue_58	Plasma Cell Lineage
tissue_272	Colon and Rectum
tissue_995	Colon and Rectum
tissue_501	Colon and Rectum
tissue_851	Breast
tissue_608	Kidney
tissue_741	Plasma Cell Lineage
tissue_884	Kidney
tissue_877	Breast
tissue_703	Stomach and Esophagus
tissue_685	Myeloid Lineage
tissue_215	Ovary
tissue_536	Lymphoid Lineage
tissue_73	Anus
tissue_635	Anus
tissue_232	Anus
tissue_386	Anus
tissue_95	Pancreas and Gallbladder
tissue_154	Pancreas and Gallbladder
tissue_470	Pancreas and Gallbladder
tissue_882	Pancreas and Gallbladder
tissue_751	Lymphoid Lineage
tissue_292	Lymphoid Lineage
tissue_377	Lymphoid Lineage
tissue_179	Colon and Rectum
tissue_904	Colon and Rectum
tissue_544	Stomach and Esophagus
tissue_57	Colon and Rectum
tissue_22	Colon and Rectum
tissue_814	Stomach and Esophagus
tissue_326	Colon and Rectum
tissue_282	Colon and Rectum
tissue_389	Colon and Rectum
tissue_180	Kidney
tissue_925	Kidney
tissue_1079	Lung
tissue_556	Bladder and Urothelial Tract
tissue_570	Breast
tissue_119	Myeloid Lineage
tissue_359	Myeloid Lineage
tissue_527	Myeloid Lineage
tissue_143	Lymphoid Lineage
tissue_420	Myeloid Lineage
tissue_94	Lymphoid Lineage
tissue_646	Liver and Bile Duct
tissue_18	Pancreas and Gallbladder
tissue_555	Liver and Bile Duct
tissue_191	Liver and Bile Duct
tissue_629	Liver and Bile Duct
tissue_453	Liver and Bile Duct
tissue_294	Pancreas and Gallbladder
tissue_212	Stomach and Esophagus
tissue_989	Stomach and Esophagus
tissue_654	Stomach and Esophagus
tissue_641	Stomach and Esophagus
tissue_250	Stomach and Esophagus
tissue_388	Stomach and Esophagus
tissue_1034	Stomach and Esophagus
tissue_269	Stomach and Esophagus
tissue_658	Stomach and Esophagus
tissue_915	Lymphoid Lineage
tissue_165	Lymphoid Lineage
tissue_287	Lymphoid Lineage
tissue_798	Myeloid Lineage
tissue_190	Myeloid Lineage
tissue_252	Cervix
tissue_273	Cervix
tissue_1103	Cervix
tissue_240	Cervix
tissue_458	Cervix
tissue_216	Cervix
tissue_207	Cervix
tissue_909	Cervix
tissue_590	Cervix
tissue_177	Cervix
tissue_487	Uterus
tissue_949	Uterus
tissue_961	Uterus
tissue_908	Uterus
tissue_262	Uterus
tissue_385	Plasma Cell Lineage
tissue_271	Liver and Bile Duct
tissue_944	Liver and Bile Duct
tissue_130	Liver and Bile Duct
tissue_434	Liver and Bile Duct
tissue_716	Plasma Cell Lineage
tissue_856	Plasma Cell Lineage
tissue_460	Pancreas and Gallbladder
tissue_52	NEC of Lung or Other Organs
tissue_885	Stomach and Esophagus
tissue_381	Stomach and Esophagus
tissue_778	Pancreas and Gallbladder
tissue_864	Pancreas and Gallbladder
tissue_518	Pancreas and Gallbladder
tissue_667	Pancreas and Gallbladder
tissue_774	Pancreas and Gallbladder
tissue_473	Pancreas and Gallbladder
tissue_222	Pancreas and Gallbladder
tissue_651	Stomach and Esophagus
tissue_484	Stomach and Esophagus
tissue_411	Stomach and Esophagus
tissue_139	Stomach and Esophagus
tissue_347	Stomach and Esophagus
tissue_888	Stomach and Esophagus
tissue_293	Bladder and Urothelial Tract
tissue_92	Head and Neck
tissue_492	Head and Neck
tissue_594	Bladder and Urothelial Tract
tissue_480	Bladder and Urothelial Tract
tissue_2	Head and Neck
tissue_1085	Head and Neck
tissue_892	Head and Neck
tissue_199	Bladder and Urothelial Tract
tissue_424	Head and Neck
tissue_3	Head and Neck
tissue_390	Head and Neck
tissue_137	Head and Neck
tissue_838	Head and Neck
tissue_313	Plasma Cell Lineage
tissue_1048	Plasma Cell Lineage
tissue_170	Plasma Cell Lineage
tissue_959	Uterus
tissue_280	Uterus
tissue_63	Uterus
tissue_227	Uterus
tissue_1062	Uterus
tissue_46	Bladder and Urothelial Tract
tissue_669	Bladder and Urothelial Tract
tissue_546	Bladder and Urothelial Tract
tissue_376	Plasma Cell Lineage
tissue_526	Plasma Cell Lineage
tissue_300	Lymphoid Lineage
tissue_607	Head and Neck
tissue_809	Liver and Bile Duct
tissue_739	Liver and Bile Duct
tissue_584	Head and Neck
tissue_184	Anus
tissue_1091	Anus
tissue_602	Anus
tissue_826	Pancreas and Gallbladder
tissue_599	Bone and Soft Tissue
tissue_614	Bone and Soft Tissue
tissue_1040	Bone and Soft Tissue
tissue_853	Myeloid Lineage
tissue_69	Bone and Soft Tissue
tissue_97	Bone and Soft Tissue
tissue_795	Bone and Soft Tissue
